"page #",x,y,text
1,136.07380046924,610.8337995,1
1,136.07380046924,903.7087995,2
1,136.07380046924,1196.2759995,3
1,1750.7123996043,2943.3673995,0800-024-099
1,1567.0114001458,2602.6531995,1
1,1567.0114001458,2687.7520005,1
1,1567.0114001458,2772.732,81
