"page #",x,y,text
1,136.07380046924,903.7087995,1
1,1750.7123996043,2943.3673995,0800-024-099
1,1567.0114001458,2624.0184,520
1,1567.0114001458,2751.5377995,520
