"page #",x,y,text
1,90.715867,1431.489200,1
1,1167.141600,71.755067,0800-024-099
1,1044.674267,284.724667,33
1,1044.674267,199.685333,"192 80 1"
