"page #",x,y,text
1,1750.7123996043,2943.3673995,0800-024-099
1,1567.0114001458,2602.6531995,341
1,1591.0111991404,2687.6926005,918
1,1567.0114001458,2772.732,119
1,136.07380046924,684.081,1
1,136.07380046924,1123.4512005,2
