"page #",x,y,text
1,1750.7123996043,2943.3673995,0800-024-099
1,135.53579996936,903.7662,1
1,1567.0114001458,2687.8564005,73
