"page #",x,y,text
1,119.6680005,886.79580010043,1
1,119.6680005,1226.7558001389,2
