"page #",x,y,text
1,136.07380046924,903.7087995,1
1,1591.0111991404,2623.9129995,155
1,1591.0111991404,2751.4818,155
1,1750.7123996043,2943.3673995,0800-024-099
