"page #",x,y,text
1,1167.141600,71.755067,0800-024-099
1,90.715867,1626.777467,1
1,90.715867,1431.527467,2
1,90.715867,1236.482667,3
1,1044.674267,310.132933,"799 133 8"
1,1044.674267,276.117200,"799 133 11"
1,1044.674267,242.101467,467
1,1044.674267,208.085733,467
1,1076.674000,174.069867,250
