"page #",x,y,text
1,1750.7123996043,2943.3673995,0800-024-099
1,1567.0114001458,2584.9944,3
1,1567.0114001458,2635.3111995,"123 3"
1,1567.0114001458,2686.3348005,"123 3"
1,1567.0114001458,2736.6498,"123 5 2"
1,1591.0111991404,2788.1944005,2
1,136.07380046924,903.7087995,1
