"page #",x,y,text
1,86.166667,2353.931600,1
1,86.166667,2127.291600,2
1,86.166667,1900.651600,3
