"page #",x,y,text
1,1167.141600,71.755067,0800-024-099
1,90.357200,1431.489200,1
1,1044.674267,242.095733,73
