"page #",x,y,text
1,90.715867,1626.777467,1
1,90.715867,1431.527467,2
1,90.715867,1236.482667,3
1,1167.141600,71.755067,0800-024-099
1,1044.674267,298.897867,1
1,1044.674267,242.165333,1
1,1044.674267,185.512000,81
