"page #",x,y,text
1,1167.141600,71.755067,0800-024-099
1,90.715867,1577.946000,1
1,88.089467,1285.032533,2
1,1044.674267,298.897867,"72 2"
1,1044.674267,242.204933,72
1,1044.674267,185.512000,72
