"page #",x,y,text
1,1167.141600,71.755067,0800-024-099
1,1044.674267,242.198533,125
1,90.715867,1577.946000,1
1,90.715867,1285.032533,2
