"page #",x,y,text
1,1167.141600,71.755067,0800-024-099
1,1044.674267,310.670400,3
1,1044.674267,277.125867,"123 3"
1,1044.674267,243.110133,"123 3"
1,1044.674267,209.566800,"123 5 2"
1,1060.674133,175.203733,2
1,90.715867,1431.527467,1
