"page #",x,y,text
1,81.942667,2350.321600,1
1,81.942667,2123.681600,2
