"page #",x,y,text
1,136.07380046924,903.7087995,1
1,1750.7123996043,2943.3673995,0800-024-099
1,1567.0114001458,2602.6531995,"465 58"
1,1567.0114001458,2687.6926005,"465 58"
1,1567.0114001458,2772.732,"107 71"
