"page #",x,y,text
1,90.715867,1431.527467,1
1,1060.674133,242.198533,155
1,1167.141600,71.755067,0800-024-099
