"page #",x,y,text
1,90.715867,1626.777467,1
1,90.715867,1431.527467,2
1,90.715867,1236.482667,3
1,1167.141600,71.755067,0800-024-099
1,1092.673867,310.132933,189
1,1076.674000,276.873067,"272 1"
1,1076.674000,241.020533,290
1,1076.674000,210.252133,290
1,1044.674267,176.031467,"346 33"
