"page #",x,y,text
1,90.715867,1577.946000,1
1,90.715867,1285.032533,2
1,1167.141600,71.755067,0800-024-099
1,1076.674000,298.897867,"535 119"
1,1076.674000,185.504133,"535 128"
1,1060.674133,242.204933,20
