"page #",x,y,text
1,136.07380046924,684.081,1
1,136.07380046924,1123.4512005,2
1,1750.7123996043,2943.3673995,0800-024-099
1,1567.0114001458,2623.9129995,"17 2"
1,1567.0114001458,2751.4720005,"9 133"
