"page #",x,y,text
1,90.715867,1577.946000,1
1,90.715867,1285.032533,2
1,1167.141600,71.755067,0800-024-099
1,1044.674267,284.724667,"17 2"
1,1044.674267,199.685333,"9 133"
