"page #",x,y,text
1,136.07380046924,903.7087995,1
1,1567.0114001458,2687.7022005,306
1,1750.7123996043,2943.3673995,0800-024-099
