"page #",x,y,text
1,1750.7123996043,2943.3673995,0800-024-099
1,136.07380046924,684.081,1
1,132.13420047013,1123.4512005,2
1,1567.0114001458,2687.7022005,455
