"page #",x,y,text
1,129.2500005,888.1026,1
1,129.2500005,1228.0626,2
1,129.2500005,1568.0226,3
