"page #",x,y,text
1,136.07380046924,903.7662,1
1,1750.7123996043,2943.3673995,0800-024-099
1,1567.0114001458,2602.6531995,"742 146 14"
1,1567.0114001458,2687.6926005,616
1,1567.0114001458,2772.732,"742 146 16"
