"page #",x,y,text
1,1167.141600,71.755067,0800-024-099
1,1044.674267,298.897867,341
1,1060.674133,242.204933,918
1,1044.674267,185.512000,119
1,90.715867,1577.946000,1
1,90.715867,1285.032533,2
