"page #",x,y,text
1,1750.7123996043,2943.3673995,0800-024-099
1,136.07380046924,610.8337995,1
1,136.07380046924,903.7087995,2
1,136.07380046924,1196.2759995,3
1,1567.0114001458,2585.8006005,"799 133 8"
1,1567.0114001458,2636.8242,"799 133 11"
1,1567.0114001458,2687.8477995,467
1,1567.0114001458,2738.8714005,467
1,1615.0109996349,2789.8951995,250
