"page #",x,y,text
1,1750.7123996043,2943.3673995,0800-024-099
1,136.07380046924,903.7662,1
1,1615.0109996349,2623.9129995,"290 3"
1,1615.0109996349,2751.5554005,"290 12"
