"page #",x,y,text
1,136.07380046924,610.8337995,1
1,136.07380046924,903.7087995,2
1,136.07380046924,1196.2759995,3
1,1750.7123996043,2943.3673995,0800-024-099
1,1639.0108001295,2585.8006005,189
1,1615.0109996349,2635.6903995,"272 1"
1,1615.0109996349,2689.4692005,290
1,1615.0109996349,2735.6218005,290
1,1567.0114001458,2786.9527995,"346 33"
