"page #",x,y,text
1,1167.141600,71.755067,0800-024-099
1,90.715867,1431.489200,1
1,1076.674000,284.724667,"290 3"
1,1076.674000,199.629733,"290 12"
