"page #",x,y,text
1,90.715867,1431.489200,1
1,1167.141600,71.755067,0800-024-099
1,1044.674267,298.897867,"742 146 14"
1,1044.674267,242.204933,616
1,1044.674267,185.512000,"742 146 16"
