"page #",x,y,text
1,1167.141600,71.755067,0800-024-099
1,90.715867,1651.174267,1
1,90.715867,1358.504267,3
1,90.715867,1504.717600,2
1,90.715867,1211.804267,4
1,1060.674133,199.693600,50
1,1060.674133,284.700800,50
