"page #",x,y,text
1,1750.7123996043,2943.3673995,0800-024-099
1,136.07380046924,574.2385995,1
1,136.07380046924,1013.2435995,3
1,136.07380046924,793.9236,2
1,136.07380046924,1233.2935995,4
1,1591.0111991404,2751.4596,50
1,1591.0111991404,2623.9488,50
