"page #",x,y,text
1,122.91400047992,896.5176,1
1,122.91400047992,1236.4776,2
