"page #",x,y,text
1,79.778667,2352.136133,1
1,79.778667,2125.496133,2
