"page #",x,y,text
1,90.715867,1577.946000,1
1,1167.141600,71.755067,0800-024-099
1,88.089467,1285.032533,2
1,1092.673867,284.724667,151
1,1092.673867,199.693600,151
