"page #",x,y,text
1,339.31600065767,241.8529995,51
1,345.92100016074,291.1009995,2
1,339.31600065767,341.6563875,20
1,70.118200532583,315.9481995,1
