"page #",x,y,text
1,338.92020015749,220.563,49
1,345.8366536607,272.6662215,1
1,338.92020015749,324.769443,14
1,68.593200031874,293.5957995,1
1,338.92020015749,413.1052005,29
1,345.8366536607,465.208422,3
1,338.92020015749,517.3116435,23
1,71.643000033291,497.7964005,2
