"page #",x,y,text
1,225.690667,824.579067,54
1,230.063785,789.843586,7
1,225.690667,755.108105,10
1,225.690667,588.257067,37
1,230.063785,553.521586,9
1,225.690667,518.786105,11
1,47.673333,771.563067,1
1,47.673333,535.241067,2
