"page #",x,y,text
1,1563.423867,436.357067,361
1,1563.423867,388.143704,362
1,1563.423867,339.930778,363
1,1563.423867,291.717415,364
1,1563.423867,243.504489,365
1,771.575067,2961.638933,20
1,1609.347733,579.178267,"0800-024-099 05-6329183"
1,1511.284533,391.644800,4
1,975.256800,2838.436133,103
1,1076.873200,2838.409733,11
1,1149.010000,2838.134933,29
1,1432.945467,2838.422933,8
1,1606.562667,2838.134933,4
1,598.578533,2838.422933,20
1,160.151867,2403.315067,1
1,160.151867,2093.393733,2
