"page #",x,y,text
1,2745.7618000289,3493.2811999087,"8 9"
