"page #",x,y,text
1,338.67319965738,253.6788,41
1,345.23287816042,305.7820215,3
1,345.23287816042,357.885243,4
1,71.643000033291,333.2028,1
1,71.643000033291,618.01824,2
1,338.67319965738,538.4947995,53
1,345.23287816042,590.598021,6
1,338.67319965738,642.7012425,20
