"page #",x,y,text
1,46.758133,817.707067,1
1,46.758133,681.524133,2
1,226.428267,734.540133,48
1,230.801385,699.804652,7
1,230.801385,665.069171,2
1,226.428267,868.575867,55
1,230.801385,833.840386,8
1,226.428267,799.104905,25
