"page #",x,y,text
1,338.43940065727,234.63280042412,49
1,69.546600032317,319.42820089669,1
1,345.25440016043,283.88080040819,8
1,338.43940065727,334.43618689184,14
1,338.43940065727,434.96800035932,44
1,345.25440016043,484.2160003434,9
1,338.43940065727,534.77138682705,14
1,71.681400033309,511.4294008346,2
