"page #",x,y,text
1,418.009733,1581.115600,40
1,418.009733,1520.084800,11
1,427.147648,1457.433706,8
1,87.429333,1487.020533,1
