"page #",x,y,text
1,355.838400,186.995467,
1,355.838400,130.176400,
1,322.166933,185.582800,
1,95.313600,232.273467,
