"page #",x,y,text
1,225.782133,860.880800,41
1,230.155252,826.145319,3
1,230.155252,791.409838,4
1,47.762000,807.864800,1
1,47.762000,617.987840,2
1,225.782133,671.003467,53
1,230.155252,636.267986,6
1,225.782133,601.532505,20
