"page #",x,y,text
1,627.01459934317,516.8428005,40
1,627.01459934317,608.3886,12
1,627.01459934317,702.365241,10
1,130.01020046748,675.5599995,1
