"page #",x,y,text
1,82.942667,2348.063867,1
1,82.942667,2121.423867,2
