"page #",x,y,text
1,338.53600034254,321.13139989694,54
1,345.09567733949,373.23462138022,7
1,338.53600034254,425.3378428635,10
1,338.53600034254,675.61439978318,37
1,345.09567733949,727.71762126646,9
1,338.53600034254,779.82084274974,11
1,71.50999946674,400.65539987142,1
1,71.50999946674,755.13839975766,2
