"page #",x,y,text
1,677.85400034678,2812.1775994592,
1,677.85400034678,2887.4577994715,
1,636.76240035607,2814.0495994595,
