"page #",x,y,text
1,597.764400,260.745467,
1,597.764400,191.502667,
1,562.794267,258.897600,
