"page #",x,y,text
1,418.009733,1596.659867,46
1,87.429333,1506.695200,1
1,427.706000,1535.629200,1
1,418.009733,1472.978106,16
1,418.009733,1338.567200,37
1,427.706000,1277.536533,9
1,418.009733,1214.885439,20
1,87.429333,1236.253200,2
