"page #",x,y,text
1,606.106267,1998.596400,103
1,684.097200,1998.586533,11
1,741.123067,1998.358667,29
1,972.102800,1998.586533,8
1,1115.519600,1998.404400,4
1,142.703600,1970.220800,47
1,1240.687733,235.876133,"0800-024-099 05-6329183"
1,666.986133,2073.327467,17
1,291.111333,1998.586533,17
1,58.314000,1616.624533,1
1,58.314000,1208.434800,2
