"page #",x,y,text
1,338.40100065725,629.3118,36
1,345.53520016056,672.1308,7
1,338.40100065725,717.177972,23
1,338.40100065725,432.3846,40
1,345.53520016056,475.5310005,7
1,345.53520016056,520.2517425,4
1,338.40100065725,228.9262005,63
1,345.53520016056,271.7452005,3
1,335.72737815601,316.792371,22
1,71.643000033291,299.4040005,1
1,71.643000033291,503.0737995,2
1,71.643000033291,700.4260005,3
