"page #",x,y,text
1,117.05080048028,895.17,1
1,117.05080048028,1235.13,2
