"page #",x,y,text
1,627.01459934317,511.3266,40
1,627.01459934317,602.8728,11
1,640.72147183974,696.849441,8
1,131.1439994672,652.4692005,1
