"page #",x,y,text
1,453.0097993976,2598.7327999244,
1,453.0097993976,2696.8521994404,
1,406.84019990804,2601.1728004248,
