"page #",x,y,text
1,226.210667,868.764667,51
1,230.614000,835.932667,2
1,226.210667,802.229075,20
1,46.745467,819.367867,1
