"page #",x,y,text
1,82.446667,2348.075467,1
1,82.446667,2121.435467,2
