"page #",x,y,text
1,1138.232200669,331.75960046521,20
1,1462.8852002172,510.34580094648,103
1,1615.3098002398,510.38540094648,11
1,1723.5150002559,510.79760094643,29
1,2149.4182008191,510.36560094648,8
1,2409.8440008578,510.79760094643,4
1,897.86779963329,510.36560094648,20
1,240.22780053566,1163.027399878,1
1,240.22780053566,1627.9094008293,2
1,240.22780053566,2543.5000002333,4
1,240.22780053566,3001.2952001853,5
1,240.22780053566,3459.0904001373,6
1,240.22780053566,3916.8857995893,7
1,240.22780053566,4374.6809995412,8
1,240.22780053566,2085.7046007813,3
2,2116.3504008142,3695.0786006125,332
2,2116.3504008142,3746.4942101071,333
2,2116.3504008142,3797.9098196017,334
2,2116.3504008142,3849.3254305963,335
2,2116.3504008142,3900.7410400909,336
2,2116.3504008142,3952.1566495856,337
2,2116.3504008142,4003.5722605802,338
2,2116.3504008142,4054.9878700748,339
2,2116.3504008142,4106.4034795694,340
2,2116.3504008142,4157.819089064,341
2,2116.3504008142,4209.2347000586,342
2,2116.3504008142,4260.6503095532,343
2,2116.3504008142,4312.0659190478,344
2,2116.3504008142,4363.4815300424,345
2,2116.3504008142,4414.897139537,346
2,2116.3504008142,4466.3127490316,347
2,2116.3504008142,4517.7283600262,348
2,1982.6197997943,3545.5385996282,"0800-024-099 05-6329183"
2,2041.028800803,3967.169999584,1
