"page #",x,y,text
1,124.41400052036,891.90419989897,1
1,124.41400052036,1231.8641998605,2
