"page #",x,y,text
1,896.64659979732,2670.8817994361,
1,896.64659979732,2774.7459994531,
1,844.19140030918,2673.6535999366,
