"page #",x,y,text
1,451.902667,166.548267,
1,451.902667,116.361467,
1,424.508267,165.300267,
