"page #",x,y,text
1,629.28679935776,1550.8812002532,71
1,641.95480035489,1642.4269997682,8
1,629.28679935776,1736.3795297835,17
1,629.28679935776,1143.5073991867,43
1,626.34779985842,1235.0533997017,10
1,629.28679935776,1329.030040717,10
1,629.28679935776,743.61859962143,63
1,629.28679935776,835.16460013638,11
1,629.28679935776,929.14124115172,27
1,133.41619946984,892.2678001457,1
1,133.41619946984,1281.6961997093,2
1,133.41619946984,1682.0881997747,3
