"page #",x,y,text
1,627.01459934317,476.0101995,46
1,131.1439994672,610.9572,1
1,641.55899983953,567.5562,1
1,627.01459934317,661.532841,16
1,627.01459934317,863.1492,37
1,641.55899983953,954.6952005,9
1,627.01459934317,1048.6718415,20
1,131.1439994672,1016.6202,2
