"page #",x,y,text
1,418.009733,1569.438133,40
1,418.009733,1508.407600,12
1,418.009733,1445.756506,10
1,86.673467,1463.626667,1
