"page #",x,y,text
1,1861.0315995,3068.5951995,"0800-024-099 05-6329183"
1,909.1594005,404.1054,103
1,1026.1458,404.1202005,11
1,1111.6846005,404.4619995,29
1,1458.1542,404.1202005,8
1,1673.2794,404.3934,4
1,214.0554,446.6688,47
1,1162.7347995,292.0087995,20
1,436.6669995,404.1202005,20
1,87.4714005,862.2624,1
1,87.4714005,1244.9395995,2
