"page #",x,y,text
1,70.137199532592,319.43939989669,1
1,70.137199532592,523.71380083062,2
1,339.64240065783,444.18980085634,48
1,346.20207766087,496.29302233949,7
1,346.20207766087,548.39624382264,2
1,339.64240065783,243.13619992137,55
1,346.20207766087,295.23942140452,8
1,339.64240065783,347.34264288766,25
