"page #",x,y,text
1,418.009733,1583.800400,40
1,426.455067,1522.769867,8
1,428.378259,1460.118773,7
1,87.429333,1488.571600,1
