"page #",x,y,text
1,418.009733,1018.815067,51
1,426.455067,966.507600,6
1,414.696535,911.815815,29
1,418.009733,1234.800800,40
1,426.455067,1181.737333,5
1,418.009733,1127.423287,15
1,418.009733,1421.679067,40
1,426.455067,1368.209733,9
1,418.009733,1312.789260,20
1,418.009733,1610.985467,53
1,426.455067,1557.516000,8
1,418.009733,1503.231423,24
1,86.673467,1520.679333,1
1,86.673467,1327.862667,2
1,86.673467,1132.758933,3
1,86.673467,936.757200,4
