"page #",x,y,text
1,1240.689600,222.270933,"0800-024-099 05-6329183"
1,606.108133,1998.597600,103
1,684.099067,1998.587733,11
1,741.124933,1998.359867,29
1,972.104667,1998.587733,8
1,1115.521467,1998.405600,4
1,142.705467,1970.222000,47
1,775.158400,2073.328667,20
1,291.113200,1998.587733,20
1,58.314267,1693.158400,1
1,58.314267,1438.040267,2
