"page #",x,y,text
1,1028.9321997674,635.63580010379,
1,533.75759987935,2781.5067994542,
1,533.75759987935,2866.7353999681,
1,483.25039939077,2783.6257999545,
1,142.97039996768,2713.5897994431,
