"page #",x,y,text
1,1560.085733,414.555600,349
1,1560.085733,372.098827,350
1,1560.085733,329.642417,351
1,1560.085733,287.186007,352
1,1560.085733,244.729234,353
1,1560.085733,202.272825,354
1,1560.085733,159.816415,355
1,1609.347733,522.485333,"0800-024-099 05-6329183"
1,771.575067,2961.638933,20
1,1513.121733,337.448267,2
1,975.256800,2838.436133,103
1,1073.471600,2838.409733,11
1,1148.632000,2838.134933,29
1,1429.921867,2838.422933,8
1,1604.294933,2838.134933,4
1,598.578533,2838.422933,20
1,156.999733,2446.771600,1
1,160.151867,2221.260533,2
1,160.151867,1996.088667,3
