"page #",x,y,text
1,418.009733,1545.740933,50
1,427.766933,1484.710267,1
1,418.009733,1422.059173,20
1,87.429333,1443.347067,1
1,418.009733,1270.019867,57
1,427.766933,1208.989200,4
1,427.766933,1146.338106,2
1,87.429333,1182.956400,2
1,418.009733,1018.537067,48
1,427.766933,957.506400,3
1,418.009733,894.871380,26
1,87.429333,923.014533,3
