"page #",x,y,text
1,627.01459934317,513.2994,40
1,639.68260034,604.8451995,8
1,642.56738833928,698.8218405,7
1,131.1439994672,656.1426,1
