"page #",x,y,text
1,226.415600,543.150933,66
1,230.958800,519.138533,9
1,226.415600,493.175574,20
1,226.415600,463.798400,63
1,230.958800,439.785867,5
1,226.415600,413.822907,25
1,226.415600,622.248000,43
1,230.958800,598.235600,3
1,230.958800,572.272641,2
1,226.415600,702.613467,46
1,230.958800,678.601067,2
1,226.415600,652.638107,10
1,226.415600,782.194933,52
1,230.958800,758.182400,7
1,226.415600,732.219441,26
1,226.415600,835.207067,11
1,226.415600,809.244107,11
1,47.966933,740.440800,2
1,47.966933,659.647836,3
1,47.966933,581.101326,4
1,47.966933,500.530626,5
1,47.966933,424.369485,6
1,226.415600,861.689333,50
1,47.966933,817.844400,1
