"page #",x,y,text
1,418.009733,1573.217733,43
1,426.455067,1512.187067,9
1,428.378259,1449.535973,7
1,87.429333,1482.146267,1
