"page #",x,y,text
1,356.216000,171.912933,
1,356.216000,118.936400,
1,328.345333,170.595733,
1,94.529333,217.308533,
