"page #",x,y,text
1,225.626267,874.244800,49
1,46.364400,817.714533,1
1,230.169600,841.412800,8
1,225.626267,807.709209,14
1,225.626267,740.688000,44
1,230.169600,707.856000,9
1,225.626267,674.152409,14
1,47.787600,689.713733,2
