"page #",x,y,text
1,225.600667,754.554667,57
1,230.070667,721.722533,3
1,230.070667,688.018942,1
1,225.600667,886.566400,30
1,225.600667,853.734400,11
1,225.600667,820.030809,28
1,45.932133,836.099333,1
1,45.932133,699.152957,2
