"page #",x,y,text
1,338.40100065725,413.1679995,57
1,345.10600066037,462.4162005,3
1,345.10600066037,512.971587,1
1,338.40100065725,215.1504,30
1,338.40100065725,264.3984,11
1,338.40100065725,314.9537865,28
1,68.898199532016,290.8510005,1
1,68.898199532016,496.2705645,2
