"page #",x,y,text
1,1240.687733,222.269867,"0800-024-099 05-6329183"
1,606.106267,1998.596400,103
1,684.097200,1998.586533,11
1,741.123067,1998.358667,29
1,972.102800,1998.586533,8
1,1115.519600,1998.404400,4
1,142.703600,1970.220800,47
1,775.156533,2073.327467,20
1,291.111333,1998.586533,20
1,58.314267,1693.158400,1
1,58.314267,1438.040267,2
1,1389.107467,1449.692533,1
1,1128.503467,1425.812800,2
1,1427.141733,1425.366000,3
