"page #",x,y,text
1,1560.399867,427.342533,356
1,1560.399867,367.852710,357
1,1560.399867,308.362887,358
1,1560.399867,248.873063,359
1,1560.399867,189.383240,360
1,771.575067,2961.638933,20
1,1609.347733,579.178267,"0800-024-099 05-6329183"
1,1512.942267,355.453600,3
1,975.634800,2838.436133,103
1,1075.739333,2838.409733,11
1,1148.632000,2838.134933,29
1,1431.433733,2838.422933,8
1,1606.781867,2838.134933,4
1,598.578533,2838.422933,20
1,157.995200,2403.315067,1
1,154.843067,2093.393733,2
