"page #",x,y,text
1,225.600667,610.458800,36
1,230.356800,581.912800,7
1,225.600667,551.881352,23
1,225.600667,741.743600,40
1,230.356800,712.979333,7
1,230.356800,683.165505,4
1,225.600667,877.382533,63
1,230.356800,848.836533,3
1,223.818252,818.805086,22
1,47.762000,830.397333,1
1,47.762000,694.617467,2
1,47.762000,563.049333,3
