"page #",x,y,text
1,534.32399987302,2767.1306005426,
1,534.32399987302,2846.5954000295,
1,492.51799938296,2769.1064005423,
1,141.7939994663,2699.0372005539,
