"page #",x,y,text
1,419.524533,1007.412533,71
1,427.969867,946.382000,8
1,419.524533,883.746980,17
1,419.524533,1278.995067,43
1,417.565200,1217.964400,10
1,419.524533,1155.313306,10
1,419.524533,1545.587600,63
1,419.524533,1484.556933,11
1,419.524533,1421.905839,27
1,88.944133,1446.488133,1
1,88.944133,1186.869200,2
1,88.944133,919.941200,3
