"page #",x,y,text
1,123.67000052021,895.88679910139,1
1,123.67000052021,1235.8467991399,2
