"page #",x,y,text
1,873.98200030245,2664.7861999351,
1,873.98200030245,2785.7143999549,
1,807.24019931753,2668.0137994357,
