"page #",x,y,text
1,78.033867,2351.220000,1
1,78.033867,2124.580000,2
