"page #",x,y,text
1,582.654667,264.809200,
1,582.654667,184.190400,
1,538.160133,262.657467,
