"page #",x,y,text
1,1830.507867,520.479200,"8 9"
