"page #",x,y,text
1,225.946800,882.958000,49
1,230.557769,848.222519,1
1,225.946800,813.487038,14
1,45.728800,834.269467,1
1,225.946800,754.596533,29
1,230.557769,719.861052,3
1,225.946800,685.125571,23
1,47.762000,698.135733,2
