"page #",x,y,text
1,1861.0344,3068.5936005,"0800-024-099 05-6329183"
1,909.1621995,404.1036,103
1,1026.1486005,404.1184005,11
1,1111.6873995,404.4601995,29
1,1458.1570005,404.1184005,8
1,1673.2822005,404.3916,4
1,214.0582005,446.667,47
1,1162.7376,292.0069995,20
1,436.6698,404.1184005,20
1,87.4714005,862.2624,1
1,87.4714005,1244.9395995,2
