"page #",x,y,text
1,534.32399987922,2804.1306004579,
1,534.32399987922,2883.5953999709,
1,492.51799938867,2806.1064004582,
1,141.79399946795,2736.0372004468,
