"page #",x,y,text
1,627.01459934317,511.1734005,43
1,639.68260034,602.7193995,9
1,642.56738833928,696.6960405,7
1,131.1439994672,647.7805995,1
