"page #",x,y,text
1,302.006533,308.844800,
1,302.006533,243.431867,
1,271.226800,307.218133,
