"page #",x,y,text
1,627.01459934317,570.3886005,50
1,641.65039933951,661.9345995,1
1,627.01459934317,755.9112405,20
1,131.1439994672,723.9793995,1
1,627.01459934317,983.9701995,57
1,641.65039933951,1075.5162,4
1,641.65039933951,1169.492841,2
1,131.1439994672,1114.5654,2
1,627.01459934317,1361.1943995,48
1,641.65039933951,1452.7404,3
1,627.01459934317,1546.69293,26
1,131.1439994672,1504.4782005,3
