"page #",x,y,text
1,896.6466,2593.8817995,
1,896.6466,2697.7459995,
1,844.1914005,2596.6536,
