"page #",x,y,text
1,418.009733,1147.807733,53
1,426.170400,1086.777067,7
1,427.581716,1024.125973,1
1,418.009733,1354.169867,50
1,427.581716,1293.139200,2
1,418.009733,1230.488106,18
1,418.009733,1557.914667,49
1,426.170400,1496.884133,6
1,426.170400,1434.233039,4
1,418.009733,944.346000,52
1,418.009733,883.315333,12
1,418.009733,820.664239,16
1,87.429333,1466.080667,1
1,87.429333,1261.610533,2
1,87.429333,1051.465998,3
1,87.429333,836.127425,4
