"page #",x,y,text
1,626.45280015685,1256.5368,43
1,623.38060065608,1348.0828005,10
1,626.45280015685,1442.0594415,28
1,623.38060065608,610.7476005,72
1,638.36740065983,702.2938005,8
1,623.38060065608,796.2704415,22
1,130.58220003269,754.6489995,1
1,130.58220003269,1376.9046,2
1,1209.0324003027,2449.1098005,471
1,1209.0324003027,2478.332403,472
1,1209.0324003027,2507.5550055,473
1,1209.0324003027,2536.7776095,474
1,1209.0324003027,2566.000212,475
1,1209.0324003027,2595.2228145,476
1,1209.0324003027,2624.4454185,477
1,1209.0324003027,2653.668021,478
1,1209.0324003027,2682.890625,479
1,1646.3940004122,2449.1098005,480
1,1646.3940004122,2478.332403,481
1,1646.3940004122,2507.5550055,482
1,1646.3940004122,2536.7776095,483
1,1646.3940004122,2566.000212,484
1,1646.3940004122,2595.2228145,485
1,1646.3940004122,2624.4454185,486
1,1646.3940004122,2653.668021,487
1,1646.3940004122,2682.890625,488
