"page #",x,y,text
1,67.694800,2838.499333,"選 賢 與 能  踴 躍 投 票  慎 重 圈 選"
1,1032.043867,70.084933,"性 別 平 等  神 聖 一 票  絕 不 放 棄"
