"page #",x,y,text
1,185.8246005,-56.98099949101,": 390x543mm"
1,156.8688,533.34419991585,
1,1131.4561995,205.9919999675,17
1,113.9748,809.42960087229,1
1,113.9748,1275.0371997988,2
1,503.9914005,533.34419991585,
1,1104.5338005,2621.9044000863,
1,1087.3780005,2819.9156005551,"0800-028-099 05-6329183"
1,1348.0621995,2881.1270005454,05-6329183
1,1802.0635995,768.37660037877,"1 2 3 4"
