"page #",x,y,text
1,123.883067,2150.654000,": 390x543mm"
1,104.579200,1757.103867,
1,754.304133,1975.338667,17
1,75.983200,1573.046933,1
1,75.983200,1262.641867,2
1,335.994267,1757.103867,
1,736.355867,364.730400,
1,724.918667,232.722933,"0800-028-099 05-6329183"
1,898.708133,191.915333,05-6329183
1,1201.375733,1600.415600,"1 2 3 4"
