"page #",x,y,text
1,414.720800,2202.586800,57
1,414.720800,2160.437081,11
1,414.720800,2118.287362,14
1,414.720800,2351.430933,44
1,414.720800,2309.281214,01
1,414.720800,2267.131495,04
1,414.720800,2505.034133,62
1,420.220763,2462.884414,3
1,414.720800,2420.734695,19
1,414.720800,1714.146933,36
1,420.220763,1671.997214,2
1,414.720800,1629.847495,20
1,414.720800,1865.478133,50
1,420.220763,1823.328414,5
1,414.720800,1781.178695,23
1,414.720800,1563.031067,53
1,420.220763,1520.881348,9
1,414.720800,1478.731629,26
