"page #",x,y,text
1,622.0818,2363.5108002362,65
1,630.3317445,2426.7353787292,2
1,622.0818,2489.9599572221,21
1,622.0818,2817.1816001856,48
1,630.3317445,2880.4061786785,2
1,622.0818,2943.6307571715,20
1,622.0818,2136.7382007615,51
1,622.0818,2199.9627792545,10
1,630.3317445,2263.1873577474,2
1,622.0818,1683.0668008122,41
1,630.3317445,1746.2913793051,5
1,622.0818,1809.515957798,15
1,622.0818,1910.0639997868,54
1,630.3317445,1973.2885782798,6
1,622.0818,2036.5131567727,29
1,622.0818,2590.5074007109,41
1,622.0818,2653.7319792038,10
1,622.0818,2716.9565576968,14
1,622.0818,1176.1198003687,57
1,622.0818,1239.3443788617,11
1,622.0818,1302.5689573546,14
1,622.0818,952.85360089365,44
1,622.0818,1016.0781793866,01
1,622.0818,1079.3027578795,04
1,622.0818,722.44880091937,62
1,630.3317445,785.67337941231,3
1,622.0818,848.89795790526,19
