"page #",x,y,text
1,667.947333,704.031867,濂
1,1216.558045,703.709182,濂
1,1216.558045,659.708768,濂
1,667.947333,2364.921200,新北市立圖書館瑞芳分館
1,667.947333,2051.145200,市立幼兒園爪峯分班
1,667.947333,1826.255867,市立幼兒園東和分班
1,667.947333,1511.699867,吉安宮集會所
1,667.947333,1467.035867,吉安宮集會所
1,667.947333,1242.922533,原市立幼兒園長興分班
1,667.947333,568.255867,空屋
1,667.947333,522.919867,市立幼兒園海濱分班
