"page #",x,y,text
1,219.936400,1833.988133,"Qaljayub Palaeculju"
1,1154.548533,240.743867,"Uliu Ruperup"
1,1154.548533,462.698800,"PiyaS aliljan"
1,219.936400,1375.356533,"Kuljelje gadugadu"
1,1154.548533,1502.160800,"Vais Alauz"
2,254.276000,1658.480933,"tjukadr tjaruljivak"
2,1192.713067,235.822533,"Lulji Karidri"
