"page #",x,y,text
1,1001.9209997317,2785.9521993626,濂
1,1824.837067922,2786.4362268626,濂
1,1824.837067922,2852.4368478712,濂
1,1001.9209997317,294.61819953834,新北市立圖書館瑞芳分館
1,1001.9209997317,765.28219959959,市立幼兒園爪峯分班
1,1001.9209997317,1102.6161991435,市立幼兒園東和分班
1,1001.9209997317,1574.4501992049,吉安宮集會所
1,1001.9209997317,1641.4461992136,吉安宮集會所
1,1001.9209997317,1977.6162002574,原市立幼兒園長興分班
1,1001.9209997317,2989.6161993891,空屋
1,1001.9209997317,3057.6201993979,市立幼兒園海濱分班
