"page #",x,y,text
1,329.90459994226,1363.0178008343,"Qaljayub Palaeculju"
1,1731.8227991969,3752.8841995439,"Uliu Ruperup"
1,1731.8227991969,3419.9518000844,"PiyaS aliljan"
1,329.90459994226,2050.9652007507,"Kuljelje gadugadu"
1,1731.8227991969,1860.7588002739,"Vais Alauz"
2,383.81702828425,1669.7619858505,"tjukadr tjaruljivak"
2,1800.3413022532,3860.8080775629,"Lulji Karidri"
