"page #",x,y,text
1,58.154933,1386.503867,"遵守選舉法令 宏揚法治精神　　　　　　　　　　　　杜絕賄選 淨化選風"
1,42.102800,1328.101600,"臺南市北區元寶里第2 屆里長選舉選舉公報"
1,812.477867,1294.548133,"臺南市選舉委員會 編印"
1,58.154933,22.059867,"人人反賄選 家家不賣票　　　　　　　　　　　　　　踴躍投票 慎重圈選"
1,46.044267,1264.748667,臺南市北區元寶里第2屆里長選舉，經定於中華民國一百零三年十一月二十九日（星期六）上午八時起至下午四時止
1,46.044267,1244.750667,舉行投票。
1,46.044267,1224.752667,茲依公職人員選舉罷免法第四十七條規定，將候選人所填報之政見及個人資料刊登如下，候選人個人資料係依據候選人
1,46.044267,1204.754667,所填列資料刊登，如有不實，由候選人自行負責。
1,43.925733,1166.875600,
1,118.797467,1166.875600,
1,197.259733,1166.875600,
1,284.438133,1166.875600,
1,409.669333,1132.815067,"學         歷 經              歷 政                           見"
1,328.541067,1166.875600,
1,43.925733,968.313200,1
1,194.591200,1000.831333,
1,238.534533,1012.514267,46
1,243.283867,977.934267,8
1,243.283867,943.354267,4
1,282.717200,968.927000,男
1,405.901067,970.426400,高職畢業
1,742.071733,992.378400,一、善盡為民服務。
1,742.071733,977.711733,二、重視里內建設。
1,742.071733,963.045067,三、極力反映民意。
1,742.071733,948.378400,四、照顧里民福利。
1,548.619200,1019.250667,曾任：
1,548.619200,1003.245067,臺南市北區第17、18屆里長
1,548.619200,987.239467,義警分隊分隊長
1,548.619200,967.243867,現任：
1,548.619200,951.238267,臺南市第一屆里長
1,548.619200,935.232667,元寶社區發展協會第3屆理事長
1,548.619200,919.227067,鎮南宮第9、10屆監察委員
