"page #",x,y,text
1,165.690267,1978.098933," "
1,799.709467,1978.609333,2
1,292.437467,1873.273067,2
1,460.826000,1569.289867,
1,456.592267,1573.337733,45
1,460.826000,1531.764311,2
1,456.592267,1490.188810,15
1,381.191733,1610.602400,
1,532.200133,1521.465600,
1,611.919467,1558.070000,
1,739.116800,1623.785467,
1,739.116800,1608.520827,
1,739.116800,1593.256187,
1,686.436267,1536.794800,
1,915.285200,1623.915333,
1,915.285200,1609.096933,
1,915.285200,1594.278533,、、
1,915.285200,1579.460133,、
1,915.285200,1564.641733,
1,915.285200,1549.823333,
1,915.285200,1535.004933,
1,1065.237467,1623.810933,1.。
1,1065.237467,1608.936373,2.，。
1,1065.237467,1594.061813,3.，，。
1,1065.237467,1579.187253,4.。
1,1065.237467,1564.312693,5.LM，
1,1077.520238,1549.438133,，，，
1,1077.520238,1534.563573,，。
1,1065.237467,1519.689013,6.LM，，。
1,155.214933,1874.354800," ，"
1,391.222267,1836.809600,。
1,623.807494,1874.354800,○（）
1,155.214933,1836.809600,
1,155.214933,1802.736667,，，
1,155.214933,1774.688280,，，。
