"page #",x,y,text
1,87.2323995,72.244199983214,"遵守選舉法令 宏揚法治精神　　　　　　　　　　　　杜絕賄選 淨化選風"
1,63.1542,159.84760046286,"臺南市北區成德里第2 屆里長選舉選舉公報"
1,1218.7168005,210.17780095117,"臺南市選舉委員會 編印"
1,87.2323995,2118.9101995077,"人人反賄選 家家不賣票　　　　　　　　　　　　　　踴躍投票 慎重圈選"
1,69.0664005,254.87699994078,臺南市北區成德里第2屆里長選舉，經定於中華民國一百零三年十一月二十九日（星期六）上午八時起至下午四時止
1,69.0664005,284.87399993381,舉行投票。
1,69.0664005,314.87099992684,茲依公職人員選舉罷免法第四十七條規定，將候選人所填報之政見及個人資料刊登如下，候選人個人資料係依據候選人
1,69.0664005,344.86799991987,所填列資料刊登，如有不實，由候選人自行負責。
1,65.8885995,401.68660040667,
1,178.1962005,401.68660040667,
1,295.8895995,401.68660040667,
1,426.6571995,401.68660040667,
1,614.5039995,452.7773998948,"學         歷 經              歷 政                           見"
1,492.8116005,401.68660040667,
1,65.8885995,699.53020033747,1
1,291.8868,650.7530008488,
1,357.8017995,633.22859985287,42
1,364.9258005,685.09859984082,1
1,357.8017995,736.96859982877,10
1,424.0758,698.60950033768,男
1,608.8516005,678.19240034243,土城國小
1,608.8516005,700.19240083732,崑山中學國中夜間部
1,608.8516005,722.1923998322,臺南一中補校
1,1113.1075995,656.76839984741,一、要傾聽、要陪伴、幫解決。
1,1113.1075995,678.76840034229,二、快速處理里民的服務案件。
1,1113.1075995,700.76840083718,三、不定期舉辦旅遊及聯誼活動。
1,1113.1075995,722.76839983207,四、協助弱勢申請補助。
1,1113.1075995,744.76840032696,五、配合相關單位舉辦免費健檢講座及政策。
1,822.9288,641.291999851,一、大臺南市第一屆里長。
1,822.9288,665.30039984542,二、成德社區發展協會理事長。
1,822.9288,689.30879983984,三、盛煌實業有限公司董事長。
1,822.9288,713.30009983427,四、陳亭妃立委、陳怡珍議員聯
1,858.9288,737.30849982869,合服務處主任。
1,822.9288,761.31689982311,五、第17、18屆里長。
