"page #",x,y,text
1,87.2323995,72.244199983214,"遵守選舉法令 宏揚法治精神　　　　　　　　　　　　杜絕賄選 淨化選風"
1,63.1542,159.84760046286,"臺南市北區文元里第2 屆里長選舉選舉公報"
1,1218.7168005,210.17780095117,"臺南市選舉委員會 編印"
1,87.2323995,2118.9101995077,"人人反賄選 家家不賣票　　　　　　　　　　　　　　踴躍投票 慎重圈選"
1,69.0664005,254.87699994078,臺南市北區文元里第2屆里長選舉，經定於中華民國一百零三年十一月二十九日（星期六）上午八時起至下午四時止
1,69.0664005,284.87399993381,舉行投票。
1,69.0664005,314.87099992684,茲依公職人員選舉罷免法第四十七條規定，將候選人所填報之政見及個人資料刊登如下，候選人個人資料係依據候選人
1,69.0664005,344.86799991987,所填列資料刊登，如有不實，由候選人自行負責。
1,65.8885995,401.68660040667,
1,178.1962005,401.68660040667,
1,295.8895995,401.68660040667,
1,426.6571995,401.68660040667,
1,614.5039995,452.7773998948,"學         歷 經              歷 政                           見"
1,492.8116005,401.68660040667,
1,65.8885995,699.53020033747,1
1,291.8868,650.7530008488,
1,357.8017995,633.22859985287,42
1,364.9258005,685.09859984082,8
1,364.9258005,736.96859982877,7
1,424.0758,698.60950033768,男
1,608.8516005,685.69240034068,臺南市私立南英商工職業
1,608.8516005,707.69240083557,學校
1,1113.1075995,675.26039984311,一、將里辦公室結合社區發展協會推展各項活動積極爭取居民權益。
1,1113.1075995,697.260400338,二、增進里民和諧、造福社區發展。
1,1113.1075995,719.26040083289,三、督促環保局定時清理水溝。
1,822.9288,602.31160036006,峯承實業有限公司董事長
1,822.9288,626.32000035448,臺南市文靈宮管理委員會第十、
1,822.9288,650.3284003489,十一屆常務監事
1,822.9288,674.31970034333,臺南市文靈宮管理委員會第十二
1,822.9288,698.32810033775,屆顧問
1,822.9288,722.33650033217,臺南市北區文元社區發展協會第
1,822.9288,746.34490032659,六屆常務監事
1,822.9288,770.35330032101,臺南市北區文元社區發展協會第
1,822.9288,794.36170031544,七屆理事長
