"page #",x,y,text
1,58.154933,1386.503867,"遵守選舉法令 宏揚法治精神　　　　　　　　　　　　杜絕賄選 淨化選風"
1,42.102800,1328.101600,"臺南市北區新勝里第2 屆里長選舉選舉公報"
1,812.477867,1294.548133,"臺南市選舉委員會 編印"
1,58.154933,22.059867,"人人反賄選 家家不賣票　　　　　　　　　　　　　　踴躍投票 慎重圈選"
1,46.044267,1264.748667,臺南市北區新勝里第2屆里長選舉，經定於中華民國一百零三年十一月二十九日（星期六）上午八時起至下午四時止
1,46.044267,1244.750667,舉行投票。
1,46.044267,1224.752667,茲依公職人員選舉罷免法第四十七條規定，將候選人所填報之政見及個人資料刊登如下，候選人個人資料係依據候選人
1,46.044267,1204.754667,所填列資料刊登，如有不實，由候選人自行負責。
1,43.925733,1166.875600,
1,118.797467,1166.875600,
1,197.259733,1166.875600,
1,284.438133,1166.875600,
1,409.669333,1132.815067,"學         歷 經              歷 政                           見"
1,328.541067,1166.875600,
1,43.925733,968.313200,1
1,194.591200,1000.831333,
1,238.534533,1012.514267,42
1,243.283867,977.934267,7
1,238.534533,943.354267,24
1,282.717200,968.927000,女
1,405.901067,974.205067,水林初中
1,742.071733,1003.154400,憑藉對在地的一份情感，用熱忱與奉獻的心，盡力打造健康、優質與安全
1,742.071733,988.487733,的新勝里。
1,742.071733,973.821067,1、強化志工隊功能，維護里內環境清潔及治安。
1,742.071733,959.154400,2、關懷長者，結合資源辦理各項活動。
1,742.071733,944.487733,3、協助弱勢族群，爭取各項福利服務。
1,548.619200,981.138667,1、北區新勝社區發展協會理事
1,548.619200,965.133067,2、北區新勝里志工隊隊長
