"page #",x,y,text
1,248.53540044382,94.851600015488," "
1,1199.5642002289,94.086000015363,2
1,438.65620040085,252.09039904116,2
1,232.82239944737,250.4677995409," ，"
1,586.83340036735,306.7855995501,。
1,935.73652628849,250.4677995409,○（）
1,232.82239944737,306.7855995501,
1,691.23899984375,705.93399911527,
1,684.88999934519,699.86239961428,34
1,691.23899984375,762.22876662447,7
1,691.23899984375,824.59513513465,9
1,571.78759937075,643.96800010516,
1,798.30019931955,777.71160012699,
1,1025.1683997683,777.70099962699,
1,1595.3995991394,624.15339910192,1.。
1,1595.3995991394,646.46523910556,2.。
1,1595.3995991394,668.77707910921,3.、。
1,1595.3995991394,691.08891911285,4.、。
1,1595.3995991394,713.40075911649,5.、，。
1,1108.6751997494,624.08640010191,
1,917.87920029252,722.80519961803,
1,1372.8635996897,624.16119910192,
1,1372.8635996897,646.29687910554,
1,1372.8635996897,668.43255910915,
1,691.23899984375,1050.3564001715,
1,684.88999934519,1044.2845996705,30
1,684.88999934519,1106.6509666807,11
1,691.23899984375,1169.0173351909,2
1,571.78759937075,988.3875991614,
1,798.30019931955,1122.0927991832,
1,1025.1683997683,1122.0111991832,
1,1598.1091991388,968.57419965816,、。
1,917.87920029252,1067.1861991743,
1,1108.6751997494,968.61319965817,
1,1353.3763991941,968.42839965814,16、18
1,1353.3763991941,990.74023966178,
1,232.82239944737,357.89499905844,，，
1,232.82239944737,399.96757956531,，，。
