"page #",x,y,text
1,58.154933,1386.503867,"遵守選舉法令 宏揚法治精神　　　　　　　　　　　　杜絕賄選 淨化選風"
1,42.102800,1328.101600,"臺南市北區力行里第2 屆里長選舉選舉公報"
1,812.477867,1294.548133,"臺南市選舉委員會 編印"
1,58.154933,22.059867,"人人反賄選 家家不賣票　　　　　　　　　　　　　　踴躍投票 慎重圈選"
1,46.044267,1264.748667,臺南市北區力行里第2屆里長選舉，經定於中華民國一百零三年十一月二十九日（星期六）上午八時起至下午四時止
1,46.044267,1244.750667,舉行投票。
1,46.044267,1224.752667,茲依公職人員選舉罷免法第四十七條規定，將候選人所填報之政見及個人資料刊登如下，候選人個人資料係依據候選人
1,46.044267,1204.754667,所填列資料刊登，如有不實，由候選人自行負責。
1,43.925733,1166.875600,
1,118.797467,1166.875600,
1,197.259733,1166.875600,
1,284.438133,1166.875600,
1,409.669333,1132.815067,"學         歷 經              歷 政                           見"
1,328.541067,1166.875600,
1,43.925733,968.313200,1
1,194.591200,1000.831333,
1,238.534533,1012.514267,50
1,243.283867,977.934267,9
1,238.534533,943.354267,17
1,282.717200,968.927000,男
1,405.901067,968.759733,中正理工學院化學碩士
1,742.071733,997.709067,１.傾聽里民心聲，協助解決之道。
1,742.071733,983.042400,２.持續爭取電纜地下化。
1,742.071733,968.375733,３.爭取重要街弄口佈建監視器。
1,742.071733,953.709067,４.相邀家家戶戶定期走出戶外清淨家園。
1,742.071733,939.042400,５.爭取更多的空間供停車。
1,548.619200,992.028000,１.臺南市北區力行里第一屆里長
1,548.619200,976.022400,２.北區民眾服務社理事
1,548.619200,960.016800,３.成大醫院走動式志工
1,548.619200,944.022600,４.高雄化學工廠品管部門主管
