"page #",x,y,text
1,87.2323995,72.244199983214,"遵守選舉法令 宏揚法治精神　　　　　　　　　　　　杜絕賄選 淨化選風"
1,63.1542,159.84760046286,"臺南市北區國姓里第2 屆里長選舉選舉公報"
1,1218.7168005,210.17780095117,"臺南市選舉委員會 編印"
1,87.2323995,2118.9101995077,"人人反賄選 家家不賣票　　　　　　　　　　　　　　踴躍投票 慎重圈選"
1,69.0664005,254.87699994078,臺南市北區國姓里第2屆里長選舉，經定於中華民國一百零三年十一月二十九日（星期六）上午八時起至下午四時止
1,69.0664005,284.87399993381,舉行投票。
1,69.0664005,314.87099992684,茲依公職人員選舉罷免法第四十七條規定，將候選人所填報之政見及個人資料刊登如下，候選人個人資料係依據候選人
1,69.0664005,344.86799991987,所填列資料刊登，如有不實，由候選人自行負責。
1,65.8885995,401.68660040667,
1,178.1962005,401.68660040667,
1,295.8895995,401.68660040667,
1,426.6571995,401.68660040667,
1,614.5039995,452.7773998948,"學         歷 經              歷 政                           見"
1,492.8116005,401.68660040667,
1,65.8885995,699.53020033747,1
1,291.8868,650.7530008488,
1,357.8017995,633.22859985287,41
1,364.9258005,685.09859984082,7
1,357.8017995,736.96859982877,13
1,424.0758,698.60950033768,男
1,608.8516005,692.90339983901,專科
1,1117.1076,649.75139984904,一、爭取里內各項建設推動及規劃
1,1117.1076,671.75140034392,二、關懷里內獨居老人、弱勢家庭、急難人口之協助
1,1117.1076,693.75140083881,三、推動里內環保志工隊美化維護里內環境及衛生
1,1117.1076,715.7513998337,四、辦理各項育樂活動，促進里民感情和諧
1,1117.1076,737.75140032859,五、爭取定期噴藥消毒清潔杜絕病媒蚊蟲孳生
1,822.9288,622.27540035542,一、國姓社區發展協會第二、三
1,860.9268,646.28380034984,、四屆理事
1,822.9288,670.29220034426,二、國姓社區發展協會第五屆理
1,860.9268,694.28350033869,事長
1,822.9288,718.29190033311,三、國姓社區發展協會現任(第六
1,860.9268,742.30030032753,屆)理事長
1,822.9288,766.30870032195,四、現任國姓里里長
