"page #",x,y,text
1,165.690267,1978.098933," "
1,799.709467,1978.609333,2
1,292.437467,1873.273067,2
1,460.826000,1569.289867,
1,456.592267,1573.337733,53
1,460.826000,1531.764311,1
1,456.592267,1490.188810,30
1,381.191733,1610.602400,
1,532.200133,1521.465600,
1,611.919467,1558.070000,
1,739.116800,1623.785467,
1,1065.353200,1624.566267,，。
1,686.436267,1536.794800,
1,155.214933,1874.354800," ，"
1,391.222267,1836.809600,。
1,623.807494,1874.354800,○（）
1,155.214933,1836.809600,
1,902.218533,1623.240667,：
1,914.971867,1489.150667,
1,914.971867,1460.572147,
1,914.971867,1445.753747,。
1,914.971867,1475.180400,、。
1,914.971867,1603.670800,
1,914.971867,1588.852400,
1,914.971867,1574.034000,
1,914.971867,1559.215600,
1,914.971867,1544.397200,
1,914.971867,1529.578800,
1,902.218533,1505.454133,：
1,155.214933,1802.736667,，，
1,155.214933,1774.688280,，，。
