"page #",x,y,text
1,87.2323995,72.244199983214,"遵守選舉法令 宏揚法治精神　　　　　　　　　　　　杜絕賄選 淨化選風"
1,63.1542,159.84760046286,"臺南市北區玉皇里第2 屆里長選舉選舉公報"
1,1218.7168005,210.17780095117,"臺南市選舉委員會 編印"
1,87.2323995,2118.9101995077,"人人反賄選 家家不賣票　　　　　　　　　　　　　　踴躍投票 慎重圈選"
1,69.0664005,254.87699994078,臺南市北區玉皇里第2屆里長選舉，經定於中華民國一百零三年十一月二十九日（星期六）上午八時起至下午四時止
1,69.0664005,284.87399993381,舉行投票。
1,69.0664005,314.87099992684,茲依公職人員選舉罷免法第四十七條規定，將候選人所填報之政見及個人資料刊登如下，候選人個人資料係依據候選人
1,69.0664005,344.86799991987,所填列資料刊登，如有不實，由候選人自行負責。
1,65.8885995,401.68660040667,
1,178.1962005,401.68660040667,
1,295.8895995,401.68660040667,
1,426.6571995,401.68660040667,
1,614.5039995,452.7773998948,"學         歷 經              歷 政                           見"
1,492.8116005,401.68660040667,
1,65.8885995,699.53020033747,1
1,357.8017995,633.22859985287,35
1,364.9258005,685.09859984082,7
1,357.8017995,736.96859982877,13
1,424.0758,698.60950033768,女
1,608.8516005,673.80560084345,佳里國小畢業
1,608.8516005,695.80559983834,省立北門中學初中部畢業
1,608.8516005,717.80560033322,天仁高級工商商科畢業
1,1113.1075995,640.54160085118,一、專心誠懇為里民服務。
1,1113.1075995,662.54159984606,二、克盡里長職責，發揮里自治功能，配合市政區政之推行。
1,1113.1075995,684.54160034095,三、維護里內環境衛生，確保里民身心健康。
1,1113.1075995,706.54160083584,四、照顧里內清寒，兒少及老人福利。
1,1113.1075995,728.54159983073,五、活化活動中心，舉辦各項活動。
1,1113.1075995,750.54160032562,六、充分發揮社區守望相助及志工服務團隊，確保社區安寧。
1,822.9288,648.90340034923,一、開基玉皇宮顧問
1,822.9288,672.91180034365,二、鎮轅境頂土地公廟顧問
1,822.9288,696.92020033808,三、大公里里長
1,822.9288,720.9115003325,四、玉皇社區發展協會理事長　
1,822.9288,744.91990032692,五、現任玉皇里里長
