"page #",x,y,text
1,165.690267,1978.098933," "
1,799.709467,1978.609333,2
1,292.437467,1873.273067,2
1,460.826000,1569.289867,
1,457.818267,1573.337733,50
1,457.818267,1531.760155,12
1,457.818267,1490.182577,25
1,381.191733,1610.602400,
1,532.200133,1521.465600,
1,611.919467,1558.070000,
1,739.116800,1623.785467,
1,1065.353200,1624.566267,1.、。
1,1065.353200,1609.691707,2.、、。
1,1065.353200,1594.817147,3.、。
1,1065.353200,1579.942587,4.、。
1,686.436267,1536.794800,
1,155.214933,1874.354800," ，"
1,391.222267,1836.809600,。
1,623.824351,1874.354800,○（）
1,155.214933,1836.809600,
1,902.206000,1604.198667,
1,902.206000,1589.380267,
1,902.206000,1559.743467,：
1,902.206000,1623.240667,：
1,914.971867,1539.456400,
1,914.971867,1524.638000,
1,914.971867,1509.819600,
1,914.971867,1495.001200,
1,155.214933,1802.736667,，，
1,155.214933,1774.688280,，，。
