"page #",x,y,text
1,58.154933,1386.503867,"遵守選舉法令 宏揚法治精神　　　　　　　　　　　　杜絕賄選 淨化選風"
1,42.102800,1328.101600,"臺南市北區五福里第2 屆里長選舉選舉公報"
1,812.477867,1294.548133,"臺南市選舉委員會 編印"
1,58.154933,22.059867,"人人反賄選 家家不賣票　　　　　　　　　　　　　　踴躍投票 慎重圈選"
1,46.044267,1264.748667,臺南市北區五福里第2屆里長選舉，經定於中華民國一百零三年十一月二十九日（星期六）上午八時起至下午四時止
1,46.044267,1244.750667,舉行投票。
1,46.044267,1224.752667,茲依公職人員選舉罷免法第四十七條規定，將候選人所填報之政見及個人資料刊登如下，候選人個人資料係依據候選人
1,46.044267,1204.754667,所填列資料刊登，如有不實，由候選人自行負責。
1,43.925733,1166.875600,
1,118.797467,1166.875600,
1,197.259733,1166.875600,
1,284.438133,1166.875600,
1,409.669333,1132.815067,"學         歷 經              歷 政                           見"
1,328.541067,1166.875600,
1,43.925733,968.313200,1
1,194.591200,1000.831333,
1,238.534533,1012.514267,44
1,238.534533,977.934267,11
1,238.534533,943.354267,17
1,282.717200,968.927000,男
1,405.901067,966.093067,高中畢業
1,742.071733,995.042400,一、杜絕治安死角，保障里民安全，推動鄰里巷弄監視系統更新，落實治
1,763.405067,980.375733,安零死角。
1,742.071733,965.709067,二、關懷弱勢家庭，協助貧困者。
1,742.071733,951.042400,三、改善里內環境衛生，提昇里民生活品質。
1,742.071733,936.375733,四、加強機動巡邏，維護安全。
1,547.285867,1013.361333,一、臺南市消防局：義勇消防大
1,572.617867,997.355733,隊，副分隊長幹事
1,547.285867,981.350133,二、和緯救助中隊中隊長
1,547.285867,965.355933,三、臺南市政府搜救車隊召集人
1,547.285867,949.350333,四、臺南市第十三、十五、十六
1,572.617867,933.344733,、十七、十八屆里長
1,547.285867,917.339133,五、現任：第一屆里長
