"page #",x,y,text
1,248.53540044382,94.851600015488," "
1,1199.5642002289,94.086000015363,2
1,438.65620040085,252.09039904116,2
1,232.82239944737,250.4677995409," ，"
1,586.83340036735,306.7855995501,。
1,935.71124078849,250.4677995409,○（）
1,232.82239944737,306.7855995501,
1,691.23899984375,706.14840011531,
1,684.88840034519,700.07640011432,46
1,691.23899984375,762.4365331245,1
1,684.88840034519,824.79978463468,29
1,571.78759937075,644.18239960519,
1,798.30019931955,777.92580012703,
1,1025.1683997683,777.91519962703,
1,1595.3995991394,624.36759910195,1.。
1,1595.3995991394,646.6794391056,2.。
1,1108.6751997494,624.30079960194,
1,917.87920029252,723.01959911806,
1,1353.3256001941,623.82919960187,
1,691.23899984375,1050.1411996715,
1,684.88840034519,1044.0690001705,40
1,684.88840034519,1106.4291331807,11
1,684.88840034519,1168.7923846909,12
1,571.78759937075,988.17240016136,
1,798.30019931955,1121.8773991832,
1,1025.1683997683,1121.7955996832,
1,1598.1091991388,968.35860015813,，。
1,917.87920029252,1066.9710001742,
1,1108.6751997494,968.39779965813,
1,1372.3115996898,968.2128001581,17、18
1,1372.3115996898,990.52464016174,
1,1372.3115996898,1012.8364801654,20
1,1372.3115996898,1035.148320169,
1,1372.3115996898,1057.4601601727,
1,1372.3115996898,1079.7720001763,
1,1372.3115996898,1102.08384018,
1,1372.3115996898,1124.3956801836,
1,232.82239944737,357.89499905844,，，
1,232.82239944737,399.96757956531,，，。
