"page #",x,y,text
1,165.690267,1978.098933," "
1,799.709467,1978.609333,2
1,292.437467,1873.273067,2
1,460.826000,1569.289867,
1,456.592267,1573.337733,55
1,460.826000,1531.764311,3
1,456.592267,1490.188810,12
1,381.191733,1610.602400,
1,532.200133,1521.465600,
1,611.919467,1558.070000,
1,739.116800,1623.785467,
1,1065.353200,1624.566267,1.，。
1,1065.353200,1609.691707,2.，。
1,1065.353200,1594.817147,3.，。
1,1065.353200,1579.942587,4.，。
1,1065.353200,1565.068027,5.。
1,686.436267,1536.794800,
1,915.284400,1623.915333,
1,915.284400,1609.096933,
1,915.284400,1594.278533,
1,915.284400,1579.460133,
1,915.284400,1564.641733,
1,915.284400,1549.823333,"95 98"
1,915.284400,1519.804960,101
1,915.284400,1504.986560,8，
1,915.284400,1490.168160," 9 "
1,976.655067,1549.823333,、
1,915.284400,1534.699200,；96、97、99、100、
1,155.214933,1874.354800," ，"
1,391.222267,1836.809600,。
1,623.807494,1874.354800,○（）
1,155.214933,1836.809600,
1,901.364800,1506.694800,
1,155.214933,1802.736667,，，
1,155.214933,1774.688280,，，。
