"page #",x,y,text
1,58.154933,1386.503867,"遵守選舉法令 宏揚法治精神　　　　　　　　　　　　杜絕賄選 淨化選風"
1,42.102800,1328.101600,"臺南市北區永祥里第2 屆里長選舉選舉公報"
1,812.477867,1294.548133,"臺南市選舉委員會 編印"
1,58.154933,22.059867,"人人反賄選 家家不賣票　　　　　　　　　　　　　　踴躍投票 慎重圈選"
1,46.044267,1264.748667,臺南市北區永祥里第2屆里長選舉，經定於中華民國一百零三年十一月二十九日（星期六）上午八時起至下午四時止
1,46.044267,1244.750667,舉行投票。
1,46.044267,1224.752667,茲依公職人員選舉罷免法第四十七條規定，將候選人所填報之政見及個人資料刊登如下，候選人個人資料係依據候選人
1,46.044267,1204.754667,所填列資料刊登，如有不實，由候選人自行負責。
1,43.925733,1166.875600,
1,118.797467,1166.875600,
1,197.259733,1166.875600,
1,284.438133,1166.875600,
1,409.669333,1132.815067,"學         歷 經              歷 政                           見"
1,328.541067,1166.875600,
1,43.925733,968.313200,1
1,194.591200,1000.831333,
1,238.534533,1012.514267,51
1,243.283867,977.934267,7
1,238.534533,943.354267,12
1,282.717200,968.927000,男
1,405.901067,986.723333,立人國小
1,405.901067,972.056667,民德國中
1,405.901067,957.390000,文化大學
1,742.071733,1008.451333,1.關懷弱勢低收入戶、照顧獨居老人。
1,742.071733,993.784667,2.維護里內、社區安全、加強巡守。守望相助隊
1,742.071733,979.118000,3.永祥公園內、環境衛生。環保志工
1,742.071733,964.451333,4.里內大街、小巷、路面、水溝建設
1,742.071733,949.784667,5.敦親睦鄰、守望相助、里內團結大家庭。
1,742.071733,935.118000,6.延續里政建設、做好社區規劃、落實基礎行政。
1,548.619200,1027.323600,臺南市政府警察局五分局義警中
1,548.619200,1011.318000,隊長。
1,548.619200,995.312400,臺南市公園、空地認養協會副理
1,548.619200,979.318200,事長。
1,548.619200,963.312600,大光國小會長。
1,548.619200,947.307000,成功國中會長。
1,548.619200,931.301400,立人國小、文元國小、大港國小
1,548.619200,915.295800,、文賢國中顧問。
