"page #",x,y,text
1,165.690267,1978.098933," "
1,799.709467,1978.609333,2
1,292.437467,1873.273067,2
1,155.214933,1874.354800," ，"
1,391.222267,1836.809600,。
1,623.807494,1874.354800,○（）
1,155.214933,1836.809600,
1,460.826000,1570.621867,
1,456.592267,1574.669733,41
1,460.826000,1533.096311,8
1,456.592267,1491.520810,26
1,381.191733,1611.932400,
1,532.200133,1522.770000,
1,683.445600,1522.777200,
1,1063.599733,1625.142267,1.，。
1,1063.599733,1610.267707,2.
1,1075.883467,1610.267867,，、、。
1,739.116800,1625.186800,
1,915.242400,1625.137067,。
1,915.242400,1610.379947,
1,915.242400,1595.622827,。
1,611.919467,1559.374400,
1,460.826000,1341.187200,
1,456.592267,1345.235067,46
1,460.826000,1303.661644,9
1,456.592267,1262.086143,25
1,381.191733,1382.499733,
1,532.200133,1293.362933,
1,683.445600,1293.417333,
1,1065.406133,1395.708667,，。
1,611.919467,1329.967333,
1,739.116800,1395.682667,
1,901.646000,1395.805867,
1,155.214933,1802.736667,，，
1,155.214933,1774.688280,，，。
