"page #",x,y,text
1,165.690267,1978.098933," "
1,799.709467,1978.609333,2
1,292.437467,1873.273067,2
1,155.214933,1874.354800," ，"
1,391.222267,1836.809600,。
1,623.807494,1874.354800,○（）
1,155.214933,1836.809600,
1,460.826000,1570.686800,
1,456.592267,1574.734667,43
1,460.826000,1533.161244,1
1,456.592267,1491.585743,21
1,381.191733,1611.997333,
1,532.200133,1522.834933,
1,683.445600,1522.842133,
1,1063.599733,1625.207333,、。
1,739.116800,1625.252000,
1,915.242400,1625.202000,
1,915.242400,1610.444880,
1,915.242400,1595.687760,
1,915.242400,1580.930640,
1,611.919467,1559.439333,
1,460.826000,1341.122267,
1,456.592267,1345.170133,50
1,460.826000,1303.596711,4
1,460.826000,1262.021210,7
1,381.191733,1382.434533,
1,532.200133,1293.297867,
1,683.445600,1293.352400,
1,1065.406133,1395.643733,、。
1,611.919467,1329.902133,
1,739.116800,1395.617733,
1,915.242400,1395.740933,15、16、
1,915.242400,1380.866373,17。
1,915.242400,1365.991813,18
1,915.242400,1351.117253,。
1,915.242400,1336.242693,
1,915.242400,1321.368133,。
1,155.214933,1802.736667,，，
1,155.214933,1774.688280,，，。
